objection_type,count,percentage
price_objections,13951,92.61767244240855
time_objections,488,3.2397264821084777
need_objections,432,2.8679545907189805
trust_objections,137,0.9095133771493062
authority_objections,55,0.365133107614685
