technique_type,count,percentage,avg_effectiveness
value_demonstration,669,56.077116512992454,0.3396014737362616
question_technique,420,35.20536462699078,0.36565295011008414
social_proof,62,5.1969823973176865,0.3688727424596442
urgency_scarcity,41,3.4367141659681475,0.2600334766313005
acknowledge_and_redirect,1,0.08382229673093043,0.3181818181818182
